﻿{
  "title": "New Time Series Dashboard",
  "services": {
    "query": {
      "idQueue": [
        1,
        2,
        3,
        4
      ],
      "list": {
        "0": {
          "query": "*:*",
          "alias": "",
          "color": "#7EB26D",
          "id": 0,
          "pin": false,
          "type": "lucene"
        }
      },
      "ids": [
        0
      ]
    },
    "filter": {
      "idQueue": [
        1,
        2
      ],
      "list": {
        "0": {
          "from": "NOW/MINUTE-15MINUTE",
          "to": "NOW/MINUTE%2B1MINUTE",
          "field": "",
          "type": "time",
          "fromDateObj": "2014-08-20T12:53:56.895Z",
          "toDateObj": "2014-08-20T13:08:56.895Z",
          "mandate": "must",
          "active": true,
          "alias": "",
          "id": 0
        }
      },
      "ids": [
        0
      ]
    }
  },
  "rows": [
    {
      "title": "Query and Time Window",
      "height": "50px",
      "editable": true,
      "collapse": false,
      "collapsable": true,
      "panels": [
        {
          "error": "",
          "span": 5,
          "editable": true,
          "type": "timepicker",
          "loadingEditor": false,
          "status": "Stable",
          "mode": "relative",
          "time_options": [
            "5m",
            "15m",
            "1h",
            "6h",
            "12h",
            "24h",
            "7d",
            "30d",
            "90d",
            "1y",
            "5y"
          ],
          "timespan": "15m",
          "timefield": "event_timestamp",
          "timeformat": "",
          "refresh": {
            "enable": false,
            "interval": 30,
            "min": 3
          },
          "filter_id": 0,
          "spyable": true,
          "title": "Time Window"
        },
        {
          "error": false,
          "span": 4,
          "editable": true,
          "group": [
            "default"
          ],
          "type": "query",
          "label": "Search",
          "history": [],
          "remember": 10,
          "pinned": true,
          "query": "*:*",
          "title": "Search",
          "spyable": true,
          "def_type": ""
        },
        {
          "span": 3,
          "editable": true,
          "type": "hits",
          "loadingEditor": false,
          "queries": {
            "mode": "all",
            "ids": [
              0
            ],
            "query": "q=*%3A*&&wt=json&rows=0",
            "basic_query": "",
            "custom": ""
          },
          "style": {
            "font-size": "14pt"
          },
          "arrangement": "horizontal",
          "chart": "total",
          "counter_pos": "above",
          "donut": false,
          "tilt": false,
          "labels": true,
          "spyable": true,
          "title": "Total Hits",
          "show_queries": true,
          "metrics": [
            {
              "type": "count",
              "field": "id",
              "decimalDigits": 0,
              "label": "",
              "value": "0"
            }
          ],
          "refresh": {
            "enable": false,
            "interval": 2
          }
        }
      ]
    },
    {
      "title": "Filters",
      "height": "50px",
      "editable": true,
      "collapse": false,
      "collapsable": true,
      "panels": [
        {
          "error": false,
          "span": 12,
          "editable": true,
          "spyable": true,
          "group": [
            "default"
          ],
          "type": "filtering"
        }
      ]
    },
    {
      "title": "Graph",
      "height": "250px",
      "editable": true,
      "collapse": false,
      "collapsable": true,
      "panels": [
        {
          "span": 12,
          "editable": true,
          "type": "histogram",
          "loadingEditor": false,
          "mode": "count",
          "time_field": "event_timestamp",
          "queries": {
            "mode": "all",
            "ids": [
              0
            ],
            "query": "",
            "custom": ""
          },
          "max_rows": 100000,
          "value_field": null,
          "group_field": null,
          "auto_int": true,
          "resolution": 100,
          "interval": "10s",
          "intervals": [
            "auto",
            "1s",
            "1m",
            "5m",
            "10m",
            "30m",
            "1h",
            "3h",
            "12h",
            "1d",
            "1w",
            "1M",
            "1y"
          ],
          "fill": 0,
          "linewidth": 3,
          "timezone": "browser",
          "spyable": true,
          "zoomlinks": true,
          "bars": true,
          "stack": true,
          "points": false,
          "lines": false,
          "legend": true,
          "x-axis": true,
          "y-axis": true,
          "percentage": false,
          "interactive": true,
          "options": true,
          "tooltip": {
            "value_type": "cumulative",
            "query_as_alias": false
          },
          "title": "Event Counts",
          "lines_smooth": false,
          "error": false
        }
      ]
    },
    {
      "title": "Table",
      "height": "150px",
      "editable": true,
      "collapse": false,
      "collapsable": true,
      "panels": [
        {
          "error": false,
          "span": 12,
          "editable": true,
          "type": "table",
          "loadingEditor": false,
          "status": "Stable",
          "queries": {
            "mode": "all",
            "ids": [
              0
            ],
            "query": "",
            "basic_query": "",
            "custom": ""
          },
          "size": 100,
          "pages": 5,
          "offset": 0,
          "sort": [],
          "group": "default",
          "style": {
            "font-size": "9pt"
          },
          "overflow": "min-height",
          "fields": [],
          "highlight": [],
          "sortable": false,
          "header": true,
          "paging": true,
          "field_list": true,
          "trimFactor": 300,
          "normTimes": true,
          "spyable": true,
          "saveOption": "json",
          "exportSize": 500,
          "exportAll": true,
          "displayLinkIcon": true,
          "imageFields": [],
          "imgFieldWidth": "auto",
          "imgFieldHeight": "85px",
          "title": "Table panel"
        }
      ]
    }
  ],
  "editable": true,
  "index": {
    "interval": "none",
    "pattern": "[logstash-]YYYY.MM.DD",
    "default": "_all"
  },
  "style": "light",
  "failover": false,
  "panel_hints": true,
  "loader": {
    "save_gist": false,
    "save_elasticsearch": true,
    "save_local": true,
    "save_default": true,
    "save_temp": true,
    "save_temp_ttl_enable": true,
    "save_temp_ttl": "30d",
    "load_gist": true,
    "load_elasticsearch": true,
    "load_elasticsearch_size": 20,
    "load_local": true,
    "hide": false,
    "dropdown_collections": false
  },
  "solr": {
    "server": "/api/apollo/solr/",
    "core_name": "logs",
    "core_list": [],
    "global_params": ""
  }
}
