﻿{
  "title": "New Non-Time Series Dashboard",
  "services": {
    "query": {
      "idQueue": [
        1,
        2,
        3,
        4
      ],
      "list": {
        "0": {
          "query": "*:*",
          "alias": "",
          "color": "#7EB26D",
          "id": 0,
          "pin": false,
          "type": "lucene"
        }
      },
      "ids": [
        0
      ]
    },
    "filter": {
      "idQueue": [
        0,
        1,
        2
      ],
      "list": {},
      "ids": []
    }
  },
  "rows": [
    {
      "title": "Query",
      "height": "50px",
      "editable": true,
      "collapse": false,
      "collapsable": true,
      "panels": [
        {
          "error": false,
          "span": 9,
          "editable": true,
          "group": [
            "default"
          ],
          "type": "query",
          "label": "Search",
          "history": [],
          "remember": 10,
          "pinned": true,
          "query": "*",
          "title": "Search",
          "spyable": true,
          "def_type": ""
        },
        {
          "span": 3,
          "editable": true,
          "type": "hits",
          "loadingEditor": false,
          "queries": {
            "mode": "all",
            "ids": [
              0
            ],
            "query": "q=*%3A*&&wt=json&rows=0",
            "basic_query": "",
            "custom": ""
          },
          "style": {
            "font-size": "14pt"
          },
          "arrangement": "horizontal",
          "chart": "total",
          "counter_pos": "above",
          "donut": false,
          "tilt": false,
          "labels": true,
          "spyable": true,
          "title": "Total Hits",
          "show_queries": true,
          "metrics": [
            {
              "type": "count",
              "field": "id",
              "decimalDigits": 0,
              "label": "",
              "value": "0"
            }
          ],
          "refresh": {
            "enable": false,
            "interval": 2
          }
        }
      ]
    },
    {
      "title": "Filter",
      "height": "150px",
      "editable": true,
      "collapse": false,
      "collapsable": true,
      "panels": [
        {
          "error": false,
          "span": 5,
          "editable": true,
          "spyable": true,
          "group": [
            "default"
          ],
          "type": "filtering"
        }
      ]
    },
    {
      "title": "Events",
      "height": "250px",
      "editable": true,
      "collapse": false,
      "collapsable": true,
      "panels": [
        {
          "error": false,
          "span": 12,
          "editable": true,
          "group": [
            "default"
          ],
          "type": "table",
          "size": 10,
          "pages": 500,
          "offset": 0,
          "style": {
            "font-size": "9pt"
          },
          "overflow": "min-height",
          "fields": [],
          "highlight": [],
          "sortable": false,
          "header": true,
          "paging": true,
          "spyable": true,
          "queries": {
            "mode": "all",
            "ids": [
              0
            ],
            "query": "q=*%3A*&&wt=json&rows=5000",
            "basic_query": "q=*%3A*"
          },
          "field_list": true,
          "status": "Stable",
          "trimFactor": 300,
          "normTimes": true,
          "title": "Events",
          "saveOption": "json",
          "exportSize": 5000,
          "exportAll": true,
          "displayLinkIcon": true,
          "imageFields": [],
          "imgFieldWidth": "auto",
          "imgFieldHeight": "85px"
        }
      ]
    }
  ],
  "editable": true,
  "index": {
    "interval": "none",
    "pattern": "[logstash-]YYYY.MM.DD",
    "default": "_all"
  },
  "style": "light",
  "failover": false,
  "panel_hints": true,
  "loader": {
    "save_gist": false,
    "save_elasticsearch": true,
    "save_local": true,
    "save_default": true,
    "save_temp": true,
    "save_temp_ttl_enable": true,
    "save_temp_ttl": "30d",
    "load_gist": true,
    "load_elasticsearch": true,
    "load_elasticsearch_size": 20,
    "load_local": true,
    "hide": false,
    "dropdown_collections": false
  },
  "solr": {
    "server": "/api/apollo/solr/",
    "core_name": "logs",
    "core_list": [],
    "global_params": ""
  }
}
