{
  "title": "Fusion Logs",
  "services": {
    "query": {
      "idQueue": [
        1
      ],
      "list": {
        "0": {
          "query": "*:*",
          "alias": "",
          "color": "#7EB26D",
          "id": 0,
          "pin": false,
          "type": "lucene"
        }
      },
      "ids": [
        0
      ]
    },
    "filter": {
      "idQueue": [],
      "list": {
        "0": {
          "from": "NOW/DAY-2DAY",
          "to": "NOW/DAY%2B1DAY",
          "field": "timestamp_tdt",
          "type": "time",
          "fromDateObj": "2014-08-27T17:30:33.070Z",
          "toDateObj": "2014-08-29T17:30:33.071Z",
          "mandate": "must",
          "active": true,
          "alias": "",
          "id": 0
        },
        "1": {
          "type": "exists",
          "field": "file_s",
          "mandate": "mustNot",
          "active": true,
          "alias": "",
          "id": 1
        }
      },
      "ids": [
        1,
        0
      ]
    }
  },
  "rows": [
    {
      "title": "Options",
      "height": "50px",
      "editable": true,
      "collapse": false,
      "collapsable": true,
      "panels": [
        {
          "title": "Set time span",
          "error": "",
          "span": 5,
          "editable": true,
          "group": [
            "default"
          ],
          "type": "timepicker",
          "mode": "relative",
          "time_options": [
            "5m",
            "15m",
            "1h",
            "6h",
            "12h",
            "24h",
            "2d",
            "7d",
            "30d",
            "1y",
            "5y"
          ],
          "timespan": "2d",
          "timefield": "timestamp_tdt",
          "timeformat": "",
          "refresh": {
            "enable": false,
            "interval": 600,
            "min": 3
          },
          "filter_id": 0,
          "status": "Stable"
        },
        {
          "error": false,
          "span": 4,
          "editable": true,
          "type": "query",
          "loadingEditor": false,
          "query": "*:*",
          "pinned": true,
          "history": [
            "*:*"
          ],
          "remember": 10,
          "title": "Search"
        },
        {
          "error": false,
          "span": 3,
          "editable": true,
          "type": "text",
          "loadingEditor": false,
          "status": "Stable",
          "mode": "markdown",
          "content": "You have a few choices:\n\n* [Blank Dashboard](index.html#/dashboard/file/blank.json) I don't have much data yet, please extract some basics for me\n* [LucidWorks Fusion Signals](index.html#/dashboard/file/lucidworks-signals.json) Explore the Lucidworks Fusion Signals collection\n",
          "style": {},
          "title": "Explore Dashboards"
        }
      ]
    },
    {
      "title": "Graph",
      "height": "350px",
      "editable": true,
      "collapse": false,
      "collapsable": true,
      "panels": [
        {
          "span": 4,
          "editable": true,
          "type": "histogram",
          "loadingEditor": false,
          "mode": "count",
          "time_field": "timestamp_tdt",
          "queries": {
            "mode": "all",
            "ids": [
              0
            ],
            "query": "q=*%3A*&wt=json&rows=0&fq=timestamp_tdt:[NOW/DAY-2DAY%20TO%20NOW/DAY%2B1DAY]&facet=true&facet.range=timestamp_tdt&facet.range.start=NOW/DAY-2DAY&facet.range.end=NOW/DAY%2B1DAY&facet.range.gap=%2B30MINUTE",
            "custom": ""
          },
          "max_rows": 100000,
          "value_field": null,
          "group_field": null,
          "auto_int": true,
          "resolution": 100,
          "interval": "30m",
          "intervals": [
            "auto",
            "1s",
            "1m",
            "5m",
            "10m",
            "30m",
            "1h",
            "3h",
            "12h",
            "1d",
            "1w",
            "1M",
            "1y"
          ],
          "fill": 0,
          "linewidth": 3,
          "timezone": "browser",
          "spyable": true,
          "zoomlinks": true,
          "bars": true,
          "stack": true,
          "points": false,
          "lines": false,
          "lines_smooth": false,
          "legend": true,
          "x-axis": true,
          "y-axis": true,
          "percentage": false,
          "interactive": true,
          "options": true,
          "tooltip": {
            "value_type": "cumulative",
            "query_as_alias": false
          },
          "title": "Log Messages"
        },
        {
          "error": false,
          "span": 4,
          "editable": true,
          "type": "terms",
          "loadingEditor": false,
          "queries": {
            "mode": "all",
            "ids": [
              0
            ],
            "query": "q=*%3A*&wt=json&rows=0&fq=timestamp_tdt:[NOW/DAY-2DAY%20TO%20NOW/DAY%2B1DAY]&facet=true&facet.field=level_s&facet.limit=10",
            "custom": ""
          },
          "mode": "count",
          "field": "level_s",
          "stats_field": "",
          "decimal_points": 0,
          "exclude": [],
          "missing": false,
          "other": false,
          "size": 10,
          "order": "descending",
          "style": {
            "font-size": "10pt"
          },
          "donut": false,
          "tilt": false,
          "labels": true,
          "arrangement": "vertical",
          "chart": "bar",
          "counter_pos": "below",
          "spyable": true,
          "title": "Log Level",
          "lastColor": "",
          "chartColors": [
            "#7EB26D",
            "#EAB839",
            "#6ED0E0",
            "#EF843C",
            "#E24D42",
            "#1F78C1",
            "#BA43A9",
            "#705DA0",
            "#508642",
            "#CCA300",
            "#447EBC",
            "#C15C17",
            "#890F02",
            "#0A437C",
            "#6D1F62",
            "#584477",
            "#B7DBAB",
            "#F4D598",
            "#70DBED",
            "#F9BA8F",
            "#F29191",
            "#82B5D8",
            "#E5A8E2",
            "#AEA2E0",
            "#629E51",
            "#E5AC0E",
            "#64B0C8",
            "#E0752D",
            "#BF1B00",
            "#0A50A1",
            "#962D82",
            "#614D93",
            "#9AC48A",
            "#F2C96D",
            "#65C5DB",
            "#F9934E",
            "#EA6460",
            "#5195CE",
            "#D683CE",
            "#806EB7",
            "#3F6833",
            "#967302",
            "#2F575E",
            "#99440A",
            "#58140C",
            "#052B51",
            "#511749",
            "#3F2B5B",
            "#E0F9D7",
            "#FCEACA",
            "#CFFAFF",
            "#F9E2D2",
            "#FCE2DE",
            "#BADFF4",
            "#F9D9F9",
            "#DEDAF7"
          ]
        },
        {
          "error": false,
          "span": 4,
          "editable": true,
          "type": "terms",
          "loadingEditor": false,
          "queries": {
            "mode": "all",
            "ids": [
              0
            ],
            "query": "q=*%3A*&wt=json&rows=0&fq=timestamp_tdt:[NOW/DAY-2DAY%20TO%20NOW/DAY%2B1DAY]&facet=true&facet.field=file_t&facet.limit=10",
            "custom": ""
          },
          "mode": "count",
          "field": "file_t",
          "stats_field": "",
          "decimal_points": 0,
          "exclude": [],
          "missing": false,
          "other": false,
          "size": 10,
          "order": "descending",
          "style": {
            "font-size": "10pt"
          },
          "donut": false,
          "tilt": false,
          "labels": true,
          "arrangement": "vertical",
          "chart": "bar",
          "counter_pos": "below",
          "spyable": true,
          "title": "File",
          "lastColor": "",
          "chartColors": [
            "#7EB26D",
            "#EAB839",
            "#6ED0E0",
            "#EF843C",
            "#E24D42",
            "#1F78C1",
            "#BA43A9",
            "#705DA0",
            "#508642",
            "#CCA300",
            "#447EBC",
            "#C15C17",
            "#890F02",
            "#0A437C",
            "#6D1F62",
            "#584477",
            "#B7DBAB",
            "#F4D598",
            "#70DBED",
            "#F9BA8F",
            "#F29191",
            "#82B5D8",
            "#E5A8E2",
            "#AEA2E0",
            "#629E51",
            "#E5AC0E",
            "#64B0C8",
            "#E0752D",
            "#BF1B00",
            "#0A50A1",
            "#962D82",
            "#614D93",
            "#9AC48A",
            "#F2C96D",
            "#65C5DB",
            "#F9934E",
            "#EA6460",
            "#5195CE",
            "#D683CE",
            "#806EB7",
            "#3F6833",
            "#967302",
            "#2F575E",
            "#99440A",
            "#58140C",
            "#052B51",
            "#511749",
            "#3F2B5B",
            "#E0F9D7",
            "#FCEACA",
            "#CFFAFF",
            "#F9E2D2",
            "#FCE2DE",
            "#BADFF4",
            "#F9D9F9",
            "#DEDAF7"
          ]
        }
      ]
    },
    {
      "title": "Description",
      "height": "150px",
      "editable": true,
      "collapse": false,
      "collapsable": true,
      "panels": [
        {
          "error": false,
          "span": 3,
          "editable": true,
          "type": "terms",
          "loadingEditor": false,
          "queries": {
            "mode": "all",
            "ids": [
              0
            ],
            "query": "q=*%3A*&wt=json&rows=0&fq=timestamp_tdt:[NOW/DAY-2DAY%20TO%20NOW/DAY%2B1DAY]&facet=true&facet.field=host_s&facet.limit=10",
            "custom": ""
          },
          "mode": "count",
          "field": "host_s",
          "stats_field": "",
          "decimal_points": 0,
          "exclude": [],
          "missing": false,
          "other": false,
          "size": 10,
          "order": "descending",
          "style": {
            "font-size": "10pt"
          },
          "donut": false,
          "tilt": false,
          "labels": true,
          "arrangement": "vertical",
          "chart": "bar",
          "counter_pos": "below",
          "spyable": true,
          "title": "Host",
          "lastColor": "",
          "chartColors": [
            "#7EB26D",
            "#EAB839",
            "#6ED0E0",
            "#EF843C",
            "#E24D42",
            "#1F78C1",
            "#BA43A9",
            "#705DA0",
            "#508642",
            "#CCA300",
            "#447EBC",
            "#C15C17",
            "#890F02",
            "#0A437C",
            "#6D1F62",
            "#584477",
            "#B7DBAB",
            "#F4D598",
            "#70DBED",
            "#F9BA8F",
            "#F29191",
            "#82B5D8",
            "#E5A8E2",
            "#AEA2E0",
            "#629E51",
            "#E5AC0E",
            "#64B0C8",
            "#E0752D",
            "#BF1B00",
            "#0A50A1",
            "#962D82",
            "#614D93",
            "#9AC48A",
            "#F2C96D",
            "#65C5DB",
            "#F9934E",
            "#EA6460",
            "#5195CE",
            "#D683CE",
            "#806EB7",
            "#3F6833",
            "#967302",
            "#2F575E",
            "#99440A",
            "#58140C",
            "#052B51",
            "#511749",
            "#3F2B5B",
            "#E0F9D7",
            "#FCEACA",
            "#CFFAFF",
            "#F9E2D2",
            "#FCE2DE",
            "#BADFF4",
            "#F9D9F9",
            "#DEDAF7"
          ]
        },
        {
          "error": false,
          "span": 4,
          "editable": true,
          "type": "terms",
          "loadingEditor": false,
          "queries": {
            "mode": "all",
            "ids": [
              0
            ],
            "query": "q=*%3A*&wt=json&rows=0&fq=timestamp_tdt:[NOW/DAY-2DAY%20TO%20NOW/DAY%2B1DAY]&facet=true&facet.field=port_s&facet.limit=10",
            "custom": ""
          },
          "mode": "count",
          "field": "port_s",
          "stats_field": "",
          "decimal_points": 0,
          "exclude": [],
          "missing": true,
          "other": true,
          "size": 10,
          "order": "descending",
          "style": {
            "font-size": "10pt"
          },
          "donut": false,
          "tilt": false,
          "labels": true,
          "arrangement": "horizontal",
          "chart": "bar",
          "counter_pos": "above",
          "lastColor": "",
          "spyable": true,
          "chartColors": [
            "#7EB26D",
            "#EAB839",
            "#6ED0E0",
            "#EF843C",
            "#E24D42",
            "#1F78C1",
            "#BA43A9",
            "#705DA0",
            "#508642",
            "#CCA300",
            "#447EBC",
            "#C15C17",
            "#890F02",
            "#0A437C",
            "#6D1F62",
            "#584477",
            "#B7DBAB",
            "#F4D598",
            "#70DBED",
            "#F9BA8F",
            "#F29191",
            "#82B5D8",
            "#E5A8E2",
            "#AEA2E0",
            "#629E51",
            "#E5AC0E",
            "#64B0C8",
            "#E0752D",
            "#BF1B00",
            "#0A50A1",
            "#962D82",
            "#614D93",
            "#9AC48A",
            "#F2C96D",
            "#65C5DB",
            "#F9934E",
            "#EA6460",
            "#5195CE",
            "#D683CE",
            "#806EB7",
            "#3F6833",
            "#967302",
            "#2F575E",
            "#99440A",
            "#58140C",
            "#052B51",
            "#511749",
            "#3F2B5B",
            "#E0F9D7",
            "#FCEACA",
            "#CFFAFF",
            "#F9E2D2",
            "#FCE2DE",
            "#BADFF4",
            "#F9D9F9",
            "#DEDAF7"
          ],
          "title": "Ports"
        },
        {
          "error": false,
          "span": 4,
          "editable": true,
          "type": "terms",
          "loadingEditor": false,
          "queries": {
            "mode": "all",
            "ids": [
              0
            ],
            "query": "q=*%3A*&wt=json&rows=0&fq=timestamp_tdt:[NOW/DAY-2DAY%20TO%20NOW/DAY%2B1DAY]&facet=true&facet.field=method_t&facet.limit=10",
            "custom": ""
          },
          "mode": "count",
          "field": "method_t",
          "stats_field": "",
          "decimal_points": 0,
          "exclude": [],
          "missing": true,
          "other": true,
          "size": 10,
          "order": "descending",
          "style": {
            "font-size": "10pt"
          },
          "donut": false,
          "tilt": false,
          "labels": true,
          "arrangement": "horizontal",
          "chart": "bar",
          "counter_pos": "above",
          "lastColor": "",
          "spyable": true,
          "chartColors": [
            "#7EB26D",
            "#EAB839",
            "#6ED0E0",
            "#EF843C",
            "#E24D42",
            "#1F78C1",
            "#BA43A9",
            "#705DA0",
            "#508642",
            "#CCA300",
            "#447EBC",
            "#C15C17",
            "#890F02",
            "#0A437C",
            "#6D1F62",
            "#584477",
            "#B7DBAB",
            "#F4D598",
            "#70DBED",
            "#F9BA8F",
            "#F29191",
            "#82B5D8",
            "#E5A8E2",
            "#AEA2E0",
            "#629E51",
            "#E5AC0E",
            "#64B0C8",
            "#E0752D",
            "#BF1B00",
            "#0A50A1",
            "#962D82",
            "#614D93",
            "#9AC48A",
            "#F2C96D",
            "#65C5DB",
            "#F9934E",
            "#EA6460",
            "#5195CE",
            "#D683CE",
            "#806EB7",
            "#3F6833",
            "#967302",
            "#2F575E",
            "#99440A",
            "#58140C",
            "#052B51",
            "#511749",
            "#3F2B5B",
            "#E0F9D7",
            "#FCEACA",
            "#CFFAFF",
            "#F9E2D2",
            "#FCE2DE",
            "#BADFF4",
            "#F9D9F9",
            "#DEDAF7"
          ],
          "title": "Method"
        }
      ]
    },
    {
      "title": "Events",
      "height": "350px",
      "editable": true,
      "collapse": false,
      "collapsable": true,
      "panels": [
        {
          "title": "All events",
          "error": false,
          "span": 12,
          "editable": true,
          "group": [
            "default"
          ],
          "type": "table",
          "size": 100,
          "pages": 10,
          "offset": 0,
          "sort": [
            "timestamp_tdt",
            "desc"
          ],
          "style": {
            "font-size": "9pt"
          },
          "overflow": "min-height",
          "fields": [
            "timestamp_tdt",
            "level_s",
            "message_s",
            "host_s",
            "port_s",
            "line_i",
            "message_t",
            "method_t",
            "stacktrace_t",
            "file_t",
            "class_t"
          ],
          "highlight": [],
          "sortable": true,
          "header": true,
          "paging": true,
          "spyable": true,
          "queries": {
            "mode": "all",
            "ids": [
              0
            ],
            "query": "q=*%3A*&fq=timestamp_tdt:[NOW/DAY-2DAY%20TO%20NOW/DAY%2B1DAY]&sort=timestamp_tdt desc&wt=json&rows=1000",
            "basic_query": "q=*%3A*&fq=timestamp_tdt:[NOW/DAY-2DAY%20TO%20NOW/DAY%2B1DAY]&sort=timestamp_tdt desc"
          },
          "field_list": true,
          "status": "Stable",
          "trimFactor": 300,
          "normTimes": true,
          "time_field": "timestamp_tdt",
          "saveOption": "json",
          "exportSize": 1000,
          "exportAll": true,
          "displayLinkIcon": true,
          "imageFields": [],
          "imgFieldWidth": "auto",
          "imgFieldHeight": "85px"
        }
      ]
    }
  ],
  "editable": true,
  "failover": false,
  "index": {
    "interval": "none",
    "pattern": "[logstash-]YYYY.MM.DD",
    "default": "NO_TIME_FILTER_OR_INDEX_PATTERN_NOT_MATCHED"
  },
  "style": "light",
  "panel_hints": true,
  "loader": {
    "save_gist": false,
    "save_elasticsearch": true,
    "save_local": true,
    "save_default": true,
    "save_temp": true,
    "save_temp_ttl_enable": true,
    "save_temp_ttl": "30d",
    "load_gist": true,
    "load_elasticsearch": true,
    "load_elasticsearch_size": 20,
    "load_local": true,
    "hide": false,
    "dropdown_collections": false
  },
  "solr": {
    "server": "/api/apollo/solr/",
    "core_name": "logs",
    "core_list": [
      null,
      null,
      null,
      null,
      null,
      null,
      null,
      null
    ]
  }
}
