﻿{
  "title": "Search Analytics",
  "services": {
    "query": {
      "idQueue": [
        1,
        2,
        3,
        4
      ],
      "list": {
        "0": {
          "query": "*:*",
          "alias": "",
          "color": "#7EB26D",
          "id": 0,
          "pin": false,
          "type": "lucene"
        }
      },
      "ids": [
        0
      ]
    },
    "filter": {
      "idQueue": [
        1,
        2
      ],
      "list": {
        "0": {
          "from": "NOW/DAY-30DAY",
          "to": "NOW/DAY%2B1DAY",
          "field": "timestamp_tdt",
          "type": "time",
          "fromDateObj": "2018-11-05T10:20:55.215Z",
          "toDateObj": "2018-12-05T10:20:55.215Z",
          "mandate": "must",
          "active": true,
          "alias": "",
          "id": 0
        }
      },
      "ids": [
        0
      ]
    }
  },
  "rows": [
    {
      "title": "Guide",
      "height": "100px",
      "editable": true,
      "collapse": false,
      "collapsable": true,
      "panels": [
        {
          "error": false,
          "span": 12,
          "editable": true,
          "type": "text",
          "loadingEditor": false,
          "status": "Stable",
          "mode": "markdown",
          "content": "In order for the search analytics dashboard to display your data correctly, you will have to select a collection that contains query signals. For example, if you have a collection named, *web*, and you want to look at its search analytics information, then you need to choose the  *web_signals* collection by using the collection drop-down box on top of this page or configure it under Solr tab in Dashboard Settings. We have initially selected the *default_signals* collection for you, corresponding with the *default* collection that ships with Fusion.",
          "style": {},
          "title": "Guide"
        }
      ]
    },
    {
      "title": "Query and Time Window",
      "height": "50px",
      "editable": true,
      "collapse": false,
      "collapsable": true,
      "panels": [
        {
          "error": "",
          "span": 5,
          "editable": true,
          "type": "timepicker",
          "loadingEditor": false,
          "status": "Stable",
          "mode": "relative",
          "time_options": [
            "5m",
            "15m",
            "1h",
            "6h",
            "12h",
            "24h",
            "7d",
            "30d",
            "90d",
            "1y",
            "5y"
          ],
          "timespan": "30d",
          "timefield": "timestamp_tdt",
          "timeformat": "",
          "refresh": {
            "enable": false,
            "interval": 30,
            "min": 3
          },
          "filter_id": 0,
          "spyable": true,
          "title": "Time Window"
        },
        {
          "error": false,
          "span": 4,
          "editable": true,
          "group": [
            "default"
          ],
          "type": "query",
          "label": "Search",
          "history": [
            "*:*"
          ],
          "remember": 10,
          "pinned": true,
          "query": "*:*",
          "title": "Search",
          "spyable": true,
          "def_type": ""
        },
        {
          "span": 3,
          "editable": true,
          "type": "hits",
          "loadingEditor": false,
          "queries": {
            "mode": "all",
            "ids": [
              0
            ],
            "query": "q=*%3A*&df=query_t&fq=type:response&fq=timestamp_tdt:[NOW/DAY-30DAY%20TO%20NOW/DAY%2B1DAY]&stats=true&stats.field=id&wt=json&rows=0\n",
            "basic_query": "",
            "custom": ""
          },
          "style": {
            "font-size": "14pt"
          },
          "arrangement": "horizontal",
          "chart": "total",
          "counter_pos": "above",
          "donut": false,
          "tilt": false,
          "labels": true,
          "spyable": true,
          "title": "Total Hits",
          "show_queries": true,
          "metrics": [
            {
              "type": "count",
              "field": "id",
              "decimalDigits": 0,
              "label": "",
              "value": "28400"
            }
          ],
          "refresh": {
            "enable": false,
            "interval": 2
          }
        }
      ]
    },
    {
      "title": "Filters",
      "height": "200px",
      "editable": true,
      "collapse": false,
      "collapsable": true,
      "panels": [
        {
          "error": false,
          "span": 6,
          "editable": true,
          "spyable": true,
          "group": [
            "default"
          ],
          "type": "filtering"
        },
        {
          "span": 6,
          "editable": true,
          "type": "terms",
          "loadingEditor": false,
          "queries": {
            "mode": "all",
            "ids": [
              0
            ],
            "query": "q=*%3A*&df=query_t&fq=type:response&wt=json&rows=0&fq=timestamp_tdt:[NOW/DAY-30DAY%20TO%20NOW/DAY%2B1DAY]&facet=true&facet.field=query&facet.limit=10&facet.missing=true&f.query.facet.sort=count",
            "custom": ""
          },
          "mode": "count",
          "field": "query",
          "stats_field": "",
          "decimal_points": 0,
          "exclude": [],
          "missing": false,
          "other": false,
          "size": 10,
          "order": "descending",
          "style": {
            "font-size": "10pt"
          },
          "donut": false,
          "tilt": false,
          "labels": true,
          "arrangement": "horizontal",
          "chart": "bar",
          "counter_pos": "above",
          "lastColor": "",
          "spyable": true,
          "chartColors": [
            "#7EB26D",
            "#EAB839",
            "#6ED0E0",
            "#EF843C",
            "#E24D42",
            "#1F78C1",
            "#BA43A9",
            "#705DA0",
            "#508642",
            "#CCA300",
            "#447EBC",
            "#C15C17",
            "#890F02",
            "#0A437C",
            "#6D1F62",
            "#584477",
            "#B7DBAB",
            "#F4D598",
            "#70DBED",
            "#F9BA8F",
            "#F29191",
            "#82B5D8",
            "#E5A8E2",
            "#AEA2E0",
            "#629E51",
            "#E5AC0E",
            "#64B0C8",
            "#E0752D",
            "#BF1B00",
            "#0A50A1",
            "#962D82",
            "#614D93",
            "#9AC48A",
            "#F2C96D",
            "#65C5DB",
            "#F9934E",
            "#EA6460",
            "#5195CE",
            "#D683CE",
            "#806EB7",
            "#3F6833",
            "#967302",
            "#2F575E",
            "#99440A",
            "#58140C",
            "#052B51",
            "#511749",
            "#3F2B5B",
            "#E0F9D7",
            "#FCEACA",
            "#CFFAFF",
            "#F9E2D2",
            "#FCE2DE",
            "#BADFF4",
            "#F9D9F9",
            "#DEDAF7"
          ],
          "title": "Top 10 Searches",
          "show_queries": true,
          "sortBy": "count",
          "logAxis": false,
          "exportSize": 10000,
          "refresh": {
            "enable": false,
            "interval": 2
          },
          "pages": 10
        }
      ]
    },
    {
      "title": "Graph",
      "height": "200px",
      "editable": true,
      "collapse": false,
      "collapsable": true,
      "panels": [
        {
          "span": 6,
          "editable": true,
          "type": "histogram",
          "loadingEditor": false,
          "mode": "count",
          "time_field": "timestamp_tdt",
          "queries": {
            "mode": "all",
            "ids": [
              0
            ],
            "query": "q=*%3A*&df=query_t&fq=type:response&wt=json&rows=0&fq=timestamp_tdt:[NOW/DAY-30DAY%20TO%20NOW/DAY%2B1DAY]&facet=true&facet.range=timestamp_tdt&facet.range.start=NOW/DAY-30DAY&facet.range.end=NOW/DAY%2B1DAY&facet.range.gap=%2B12HOUR\n",
            "custom": ""
          },
          "max_rows": 100000,
          "value_field": null,
          "group_field": null,
          "auto_int": true,
          "resolution": 100,
          "interval": "12h",
          "intervals": [
            "auto",
            "1s",
            "1m",
            "5m",
            "10m",
            "30m",
            "1h",
            "3h",
            "12h",
            "1d",
            "1w",
            "1M",
            "1y"
          ],
          "fill": 0,
          "linewidth": 3,
          "timezone": "browser",
          "spyable": true,
          "zoomlinks": true,
          "bars": true,
          "stack": true,
          "points": false,
          "lines": false,
          "legend": true,
          "x-axis": true,
          "y-axis": true,
          "percentage": false,
          "interactive": true,
          "options": true,
          "tooltip": {
            "value_type": "cumulative",
            "query_as_alias": false
          },
          "title": "Event Counts",
          "lines_smooth": false,
          "sum_value": false,
          "show_queries": true,
          "refresh": {
            "enable": false,
            "interval": 2
          }
        },
        {
          "span": 6,
          "editable": true,
          "type": "terms",
          "loadingEditor": false,
          "queries": {
            "mode": "all",
            "ids": [
              0
            ],
            "query": "q=*%3A*&df=query_t&fq=type:response&wt=json&rows=0&fq=timestamp_tdt:[NOW/DAY-30DAY%20TO%20NOW/DAY%2B1DAY]&facet=true&facet.field=query&facet.limit=10&facet.missing=true&f.query.facet.sort=count&fq=hits:0",
            "custom": "&fq=hits:0"
          },
          "mode": "count",
          "field": "query",
          "stats_field": "",
          "decimal_points": 0,
          "exclude": [],
          "missing": false,
          "other": false,
          "size": 10,
          "order": "descending",
          "style": {
            "font-size": "10pt"
          },
          "donut": false,
          "tilt": false,
          "labels": true,
          "arrangement": "horizontal",
          "chart": "bar",
          "counter_pos": "above",
          "lastColor": "",
          "spyable": true,
          "chartColors": [
            "#7EB26D",
            "#EAB839",
            "#6ED0E0",
            "#EF843C",
            "#E24D42",
            "#1F78C1",
            "#BA43A9",
            "#705DA0",
            "#508642",
            "#CCA300",
            "#447EBC",
            "#C15C17",
            "#890F02",
            "#0A437C",
            "#6D1F62",
            "#584477",
            "#B7DBAB",
            "#F4D598",
            "#70DBED",
            "#F9BA8F",
            "#F29191",
            "#82B5D8",
            "#E5A8E2",
            "#AEA2E0",
            "#629E51",
            "#E5AC0E",
            "#64B0C8",
            "#E0752D",
            "#BF1B00",
            "#0A50A1",
            "#962D82",
            "#614D93",
            "#9AC48A",
            "#F2C96D",
            "#65C5DB",
            "#F9934E",
            "#EA6460",
            "#5195CE",
            "#D683CE",
            "#806EB7",
            "#3F6833",
            "#967302",
            "#2F575E",
            "#99440A",
            "#58140C",
            "#052B51",
            "#511749",
            "#3F2B5B",
            "#E0F9D7",
            "#FCEACA",
            "#CFFAFF",
            "#F9E2D2",
            "#FCE2DE",
            "#BADFF4",
            "#F9D9F9",
            "#DEDAF7"
          ],
          "title": "Top 10 Searches with Zero Result",
          "show_queries": true,
          "sortBy": "count",
          "logAxis": false,
          "exportSize": 10000,
          "refresh": {
            "enable": false,
            "interval": 2
          },
          "pages": 10
        }
      ]
    },
    {
      "title": "Query Time",
      "height": "200px",
      "editable": true,
      "collapse": false,
      "collapsable": true,
      "panels": [
        {
          "span": 4,
          "editable": true,
          "type": "terms",
          "loadingEditor": false,
          "queries": {
            "mode": "all",
            "ids": [
              0
            ],
            "query": "q=*%3A*&df=query_t&fq=type:response&wt=json&rows=0&fq=timestamp_tdt:[NOW/DAY-30DAY%20TO%20NOW/DAY%2B1DAY]&stats=true&stats.field={!tag=piv1}qtime&facet=true&facet.pivot={!stats=piv1}query&facet.limit=10&facet.missing=true&f.query.facet.sort=count",
            "custom": ""
          },
          "mode": "mean",
          "field": "query",
          "stats_field": "qtime",
          "decimal_points": 2,
          "exclude": [],
          "missing": false,
          "other": false,
          "size": 10,
          "order": "descending",
          "style": {
            "font-size": "10pt"
          },
          "donut": false,
          "tilt": false,
          "labels": true,
          "arrangement": "horizontal",
          "chart": "bar",
          "counter_pos": "above",
          "lastColor": "",
          "spyable": true,
          "chartColors": [
            "#7EB26D",
            "#EAB839",
            "#6ED0E0",
            "#EF843C",
            "#E24D42",
            "#1F78C1",
            "#BA43A9",
            "#705DA0",
            "#508642",
            "#CCA300",
            "#447EBC",
            "#C15C17",
            "#890F02",
            "#0A437C",
            "#6D1F62",
            "#584477",
            "#B7DBAB",
            "#F4D598",
            "#70DBED",
            "#F9BA8F",
            "#F29191",
            "#82B5D8",
            "#E5A8E2",
            "#AEA2E0",
            "#629E51",
            "#E5AC0E",
            "#64B0C8",
            "#E0752D",
            "#BF1B00",
            "#0A50A1",
            "#962D82",
            "#614D93",
            "#9AC48A",
            "#F2C96D",
            "#65C5DB",
            "#F9934E",
            "#EA6460",
            "#5195CE",
            "#D683CE",
            "#806EB7",
            "#3F6833",
            "#967302",
            "#2F575E",
            "#99440A",
            "#58140C",
            "#052B51",
            "#511749",
            "#3F2B5B",
            "#E0F9D7",
            "#FCEACA",
            "#CFFAFF",
            "#F9E2D2",
            "#FCE2DE",
            "#BADFF4",
            "#F9D9F9",
            "#DEDAF7"
          ],
          "title": "Avg Query Time by Search Terms",
          "show_queries": true,
          "sortBy": "count",
          "logAxis": false,
          "exportSize": 10000,
          "refresh": {
            "enable": false,
            "interval": 2
          },
          "pages": 10
        },
        {
          "span": 4,
          "editable": true,
          "type": "terms",
          "loadingEditor": false,
          "queries": {
            "mode": "all",
            "ids": [
              0
            ],
            "query": "q=*%3A*&df=query_t&fq=type:response&wt=json&rows=0&fq=timestamp_tdt:[NOW/DAY-30DAY%20TO%20NOW/DAY%2B1DAY]&stats=true&stats.field={!tag=piv1}qtime&facet=true&facet.pivot={!stats=piv1}query&facet.limit=10&facet.missing=true&f.query.facet.sort=count",
            "custom": ""
          },
          "mode": "min",
          "field": "query",
          "stats_field": "qtime",
          "decimal_points": 2,
          "exclude": [],
          "missing": false,
          "other": false,
          "size": 10,
          "order": "descending",
          "style": {
            "font-size": "10pt"
          },
          "donut": false,
          "tilt": false,
          "labels": true,
          "arrangement": "horizontal",
          "chart": "bar",
          "counter_pos": "above",
          "lastColor": "",
          "spyable": true,
          "chartColors": [
            "#7EB26D",
            "#EAB839",
            "#6ED0E0",
            "#EF843C",
            "#E24D42",
            "#1F78C1",
            "#BA43A9",
            "#705DA0",
            "#508642",
            "#CCA300",
            "#447EBC",
            "#C15C17",
            "#890F02",
            "#0A437C",
            "#6D1F62",
            "#584477",
            "#B7DBAB",
            "#F4D598",
            "#70DBED",
            "#F9BA8F",
            "#F29191",
            "#82B5D8",
            "#E5A8E2",
            "#AEA2E0",
            "#629E51",
            "#E5AC0E",
            "#64B0C8",
            "#E0752D",
            "#BF1B00",
            "#0A50A1",
            "#962D82",
            "#614D93",
            "#9AC48A",
            "#F2C96D",
            "#65C5DB",
            "#F9934E",
            "#EA6460",
            "#5195CE",
            "#D683CE",
            "#806EB7",
            "#3F6833",
            "#967302",
            "#2F575E",
            "#99440A",
            "#58140C",
            "#052B51",
            "#511749",
            "#3F2B5B",
            "#E0F9D7",
            "#FCEACA",
            "#CFFAFF",
            "#F9E2D2",
            "#FCE2DE",
            "#BADFF4",
            "#F9D9F9",
            "#DEDAF7"
          ],
          "title": "Min Query Time by Search Terms",
          "show_queries": true,
          "sortBy": "count",
          "logAxis": false,
          "exportSize": 10000,
          "refresh": {
            "enable": false,
            "interval": 2
          },
          "pages": 10
        },
        {
          "span": 4,
          "editable": true,
          "type": "terms",
          "loadingEditor": false,
          "queries": {
            "mode": "all",
            "ids": [
              0
            ],
            "query": "q=*%3A*&df=query_t&fq=type:response&wt=json&rows=0&fq=timestamp_tdt:[NOW/DAY-30DAY%20TO%20NOW/DAY%2B1DAY]&stats=true&stats.field={!tag=piv1}qtime&facet=true&facet.pivot={!stats=piv1}query&facet.limit=10&facet.missing=true&f.query.facet.sort=count",
            "custom": ""
          },
          "mode": "max",
          "field": "query",
          "stats_field": "qtime",
          "decimal_points": 2,
          "exclude": [],
          "missing": false,
          "other": false,
          "size": 10,
          "order": "descending",
          "style": {
            "font-size": "10pt"
          },
          "donut": false,
          "tilt": false,
          "labels": true,
          "arrangement": "horizontal",
          "chart": "bar",
          "counter_pos": "above",
          "lastColor": "",
          "spyable": true,
          "chartColors": [
            "#7EB26D",
            "#EAB839",
            "#6ED0E0",
            "#EF843C",
            "#E24D42",
            "#1F78C1",
            "#BA43A9",
            "#705DA0",
            "#508642",
            "#CCA300",
            "#447EBC",
            "#C15C17",
            "#890F02",
            "#0A437C",
            "#6D1F62",
            "#584477",
            "#B7DBAB",
            "#F4D598",
            "#70DBED",
            "#F9BA8F",
            "#F29191",
            "#82B5D8",
            "#E5A8E2",
            "#AEA2E0",
            "#629E51",
            "#E5AC0E",
            "#64B0C8",
            "#E0752D",
            "#BF1B00",
            "#0A50A1",
            "#962D82",
            "#614D93",
            "#9AC48A",
            "#F2C96D",
            "#65C5DB",
            "#F9934E",
            "#EA6460",
            "#5195CE",
            "#D683CE",
            "#806EB7",
            "#3F6833",
            "#967302",
            "#2F575E",
            "#99440A",
            "#58140C",
            "#052B51",
            "#511749",
            "#3F2B5B",
            "#E0F9D7",
            "#FCEACA",
            "#CFFAFF",
            "#F9E2D2",
            "#FCE2DE",
            "#BADFF4",
            "#F9D9F9",
            "#DEDAF7"
          ],
          "title": "Max Query Time by Search Terms",
          "show_queries": true,
          "sortBy": "count",
          "logAxis": false,
          "exportSize": 10000,
          "refresh": {
            "enable": false,
            "interval": 2
          },
          "pages": 10
        }
      ]
    },
    {
      "title": "Total Time",
      "height": "200px",
      "editable": true,
      "collapse": false,
      "collapsable": true,
      "panels": [
        {
          "span": 4,
          "editable": true,
          "type": "terms",
          "loadingEditor": false,
          "queries": {
            "mode": "all",
            "ids": [
              0
            ],
            "query": "q=*%3A*&df=query_t&fq=type:response&wt=json&rows=0&fq=timestamp_tdt:[NOW/DAY-30DAY%20TO%20NOW/DAY%2B1DAY]&stats=true&stats.field={!tag=piv1}totaltime&facet=true&facet.pivot={!stats=piv1}query&facet.limit=10&facet.missing=true&f.query.facet.sort=count",
            "custom": ""
          },
          "mode": "mean",
          "field": "query",
          "stats_field": "totaltime",
          "decimal_points": 2,
          "exclude": [],
          "missing": false,
          "other": false,
          "size": 10,
          "order": "descending",
          "style": {
            "font-size": "10pt"
          },
          "donut": false,
          "tilt": false,
          "labels": true,
          "arrangement": "horizontal",
          "chart": "bar",
          "counter_pos": "above",
          "lastColor": "",
          "spyable": true,
          "chartColors": [
            "#7EB26D",
            "#EAB839",
            "#6ED0E0",
            "#EF843C",
            "#E24D42",
            "#1F78C1",
            "#BA43A9",
            "#705DA0",
            "#508642",
            "#CCA300",
            "#447EBC",
            "#C15C17",
            "#890F02",
            "#0A437C",
            "#6D1F62",
            "#584477",
            "#B7DBAB",
            "#F4D598",
            "#70DBED",
            "#F9BA8F",
            "#F29191",
            "#82B5D8",
            "#E5A8E2",
            "#AEA2E0",
            "#629E51",
            "#E5AC0E",
            "#64B0C8",
            "#E0752D",
            "#BF1B00",
            "#0A50A1",
            "#962D82",
            "#614D93",
            "#9AC48A",
            "#F2C96D",
            "#65C5DB",
            "#F9934E",
            "#EA6460",
            "#5195CE",
            "#D683CE",
            "#806EB7",
            "#3F6833",
            "#967302",
            "#2F575E",
            "#99440A",
            "#58140C",
            "#052B51",
            "#511749",
            "#3F2B5B",
            "#E0F9D7",
            "#FCEACA",
            "#CFFAFF",
            "#F9E2D2",
            "#FCE2DE",
            "#BADFF4",
            "#F9D9F9",
            "#DEDAF7"
          ],
          "title": "Avg Total Time by Search Terms",
          "show_queries": true,
          "sortBy": "count",
          "logAxis": false,
          "exportSize": 10000,
          "refresh": {
            "enable": false,
            "interval": 2
          },
          "pages": 10
        },
        {
          "span": 4,
          "editable": true,
          "type": "terms",
          "loadingEditor": false,
          "queries": {
            "mode": "all",
            "ids": [
              0
            ],
            "query": "q=*%3A*&df=query_t&fq=type:response&wt=json&rows=0&fq=timestamp_tdt:[NOW/DAY-30DAY%20TO%20NOW/DAY%2B1DAY]&stats=true&stats.field={!tag=piv1}totaltime&facet=true&facet.pivot={!stats=piv1}query&facet.limit=10&facet.missing=true&f.query.facet.sort=count",
            "custom": ""
          },
          "mode": "min",
          "field": "query",
          "stats_field": "totaltime",
          "decimal_points": 2,
          "exclude": [],
          "missing": false,
          "other": false,
          "size": 10,
          "order": "descending",
          "style": {
            "font-size": "10pt"
          },
          "donut": false,
          "tilt": false,
          "labels": true,
          "arrangement": "horizontal",
          "chart": "bar",
          "counter_pos": "above",
          "lastColor": "",
          "spyable": true,
          "chartColors": [
            "#7EB26D",
            "#EAB839",
            "#6ED0E0",
            "#EF843C",
            "#E24D42",
            "#1F78C1",
            "#BA43A9",
            "#705DA0",
            "#508642",
            "#CCA300",
            "#447EBC",
            "#C15C17",
            "#890F02",
            "#0A437C",
            "#6D1F62",
            "#584477",
            "#B7DBAB",
            "#F4D598",
            "#70DBED",
            "#F9BA8F",
            "#F29191",
            "#82B5D8",
            "#E5A8E2",
            "#AEA2E0",
            "#629E51",
            "#E5AC0E",
            "#64B0C8",
            "#E0752D",
            "#BF1B00",
            "#0A50A1",
            "#962D82",
            "#614D93",
            "#9AC48A",
            "#F2C96D",
            "#65C5DB",
            "#F9934E",
            "#EA6460",
            "#5195CE",
            "#D683CE",
            "#806EB7",
            "#3F6833",
            "#967302",
            "#2F575E",
            "#99440A",
            "#58140C",
            "#052B51",
            "#511749",
            "#3F2B5B",
            "#E0F9D7",
            "#FCEACA",
            "#CFFAFF",
            "#F9E2D2",
            "#FCE2DE",
            "#BADFF4",
            "#F9D9F9",
            "#DEDAF7"
          ],
          "title": "Min Total Time by Search Terms",
          "show_queries": true,
          "sortBy": "count",
          "logAxis": false,
          "exportSize": 10000,
          "refresh": {
            "enable": false,
            "interval": 2
          },
          "pages": 10
        },
        {
          "span": 4,
          "editable": true,
          "type": "terms",
          "loadingEditor": false,
          "queries": {
            "mode": "all",
            "ids": [
              0
            ],
            "query": "q=*%3A*&df=query_t&fq=type:response&wt=json&rows=0&fq=timestamp_tdt:[NOW/DAY-30DAY%20TO%20NOW/DAY%2B1DAY]&stats=true&stats.field={!tag=piv1}totaltime&facet=true&facet.pivot={!stats=piv1}query&facet.limit=10&facet.missing=true&f.query.facet.sort=count",
            "custom": ""
          },
          "mode": "max",
          "field": "query",
          "stats_field": "totaltime",
          "decimal_points": 2,
          "exclude": [],
          "missing": false,
          "other": false,
          "size": 10,
          "order": "descending",
          "style": {
            "font-size": "10pt"
          },
          "donut": false,
          "tilt": false,
          "labels": true,
          "arrangement": "horizontal",
          "chart": "bar",
          "counter_pos": "above",
          "lastColor": "",
          "spyable": true,
          "chartColors": [
            "#7EB26D",
            "#EAB839",
            "#6ED0E0",
            "#EF843C",
            "#E24D42",
            "#1F78C1",
            "#BA43A9",
            "#705DA0",
            "#508642",
            "#CCA300",
            "#447EBC",
            "#C15C17",
            "#890F02",
            "#0A437C",
            "#6D1F62",
            "#584477",
            "#B7DBAB",
            "#F4D598",
            "#70DBED",
            "#F9BA8F",
            "#F29191",
            "#82B5D8",
            "#E5A8E2",
            "#AEA2E0",
            "#629E51",
            "#E5AC0E",
            "#64B0C8",
            "#E0752D",
            "#BF1B00",
            "#0A50A1",
            "#962D82",
            "#614D93",
            "#9AC48A",
            "#F2C96D",
            "#65C5DB",
            "#F9934E",
            "#EA6460",
            "#5195CE",
            "#D683CE",
            "#806EB7",
            "#3F6833",
            "#967302",
            "#2F575E",
            "#99440A",
            "#58140C",
            "#052B51",
            "#511749",
            "#3F2B5B",
            "#E0F9D7",
            "#FCEACA",
            "#CFFAFF",
            "#F9E2D2",
            "#FCE2DE",
            "#BADFF4",
            "#F9D9F9",
            "#DEDAF7"
          ],
          "title": "Max Total Time by Search Terms",
          "show_queries": true,
          "sortBy": "count",
          "logAxis": false,
          "exportSize": 10000,
          "refresh": {
            "enable": false,
            "interval": 2
          },
          "pages": 10
        }
      ]
    },
    {
      "title": "Table",
      "height": "150px",
      "editable": true,
      "collapse": false,
      "collapsable": true,
      "panels": [
        {
          "span": 12,
          "editable": true,
          "type": "table",
          "loadingEditor": false,
          "status": "Stable",
          "queries": {
            "mode": "all",
            "ids": [
              0
            ],
            "query": "q=*%3A*&df=query_t&fq=type:response&fq=timestamp_tdt:[NOW/DAY-30DAY%20TO%20NOW/DAY%2B1DAY]&sort=timestamp_tdt desc&wt=json&rows=10000",
            "basic_query": "q=*%3A*&df=query_t&fq=type:response&fq=timestamp_tdt:[NOW/DAY-30DAY%20TO%20NOW/DAY%2B1DAY]&sort=timestamp_tdt desc",
            "custom": ""
          },
          "size": 10,
          "pages": 1000,
          "offset": 0,
          "sort": [
            "timestamp_tdt",
            "desc"
          ],
          "group": "default",
          "style": {
            "font-size": "9pt"
          },
          "overflow": "min-height",
          "fields": [
            "timestamp_tdt",
            "query",
            "hits",
            "qtime",
            "totaltime",
            "user_id",
            "app_id"
          ],
          "highlight": [],
          "sortable": true,
          "header": true,
          "paging": true,
          "field_list": true,
          "trimFactor": 300,
          "normTimes": true,
          "spyable": true,
          "saveOption": "json",
          "exportSize": 10000,
          "exportAll": true,
          "displayLinkIcon": true,
          "imageFields": [],
          "imgFieldWidth": "auto",
          "imgFieldHeight": "85px",
          "title": "Table panel",
          "show_queries": true,
          "important_fields": [
            "_raw_content_",
            "_root_",
            "_text_",
            "_version_",
            "activity_count",
            "anonymous",
            "app_id",
            "browser_name",
            "browser_type",
            "browser_version",
            "collection",
            "count_i",
            "ctx_curr_path",
            "ctx_curr_query",
            "ctx_prev_path",
            "ctx_prev_path_original",
            "ctx_prev_query",
            "ctx_prev_uri",
            "ctype",
            "date",
            "date_day",
            "date_month",
            "date_year",
            "day_of_week",
            "doc_id",
            "doc_id_s",
            "doc_ids",
            "doc_ids_s",
            "domain",
            "duration",
            "end",
            "experiment_collection",
            "experiment_id",
            "experiment_variant",
            "fields",
            "filter",
            "filter_field",
            "filters",
            "flag_s",
            "geo_city_name",
            "geo_country_iso",
            "geo_country_name",
            "geo_lat",
            "geo_loc_coord",
            "geo_lon",
            "geo_postal_code",
            "geo_subdivision_iso",
            "geo_subdivision_name",
            "has_clicks",
            "has_filters",
            "has_query",
            "hits",
            "host",
            "hour_of_day",
            "http_method",
            "id",
            "ip_address",
            "is_fusion_query",
            "keywords",
            "label",
            "locale",
            "orientation",
            "os_device",
            "os_group",
            "os_id",
            "os_manufacturer",
            "os_name",
            "page",
            "page_title",
            "params.defType_s",
            "params.experiment_variants_s",
            "params.facet_s",
            "params.wt_s",
            "path",
            "path_transition",
            "pipeline_id",
            "platform",
            "qtime",
            "query",
            "query_id",
            "query_orig_s",
            "query_s",
            "query_t",
            "query_transition",
            "query_type",
            "referrer",
            "referrer_domain",
            "request_transition",
            "res_offset",
            "res_pos",
            "response_type",
            "rows",
            "score",
            "session",
            "session_id_s",
            "start",
            "time",
            "timestamp",
            "timestamp_tdt",
            "totaltime",
            "twigkitRequestToken",
            "type",
            "tz_timestamp_txt",
            "url",
            "url_domain",
            "url_path",
            "url_type",
            "user",
            "user_id",
            "user_id_s",
            "user_roles",
            "user_token"
          ],
          "maxNumCalcTopFields": 20,
          "calcTopFieldValuesFromAllData": false,
          "refresh": {
            "enable": false,
            "interval": 2
          },
          "subrowMaxChar": 300,
          "subrowOffset": 0
        }
      ]
    }
  ],
  "editable": true,
  "index": {
    "interval": "none",
    "pattern": "[logstash-]YYYY.MM.DD",
    "default": "_all"
  },
  "style": "light",
  "failover": false,
  "panel_hints": true,
  "loader": {
    "save_gist": false,
    "save_elasticsearch": true,
    "save_local": true,
    "save_default": true,
    "save_temp": true,
    "save_temp_ttl_enable": true,
    "save_temp_ttl": "30d",
    "load_gist": true,
    "load_elasticsearch": true,
    "load_elasticsearch_size": 20,
    "load_local": true,
    "hide": false,
    "dropdown_collections": true,
    "save_as_public": false
  },
  "solr": {
    "server": "/api/apollo/query-pipelines/_system/collections/",
    "core_name": "default_signals",
    "core_list": [],
    "global_params": "&df=query_t&fq=type:response"
  },
  "username": "admin"
}
