﻿{
    "title": "Fusion Signals",
    "services": {
        "query": {
            "idQueue": [
                1
            ],
            "list": {
                "0": {
                    "query": "*:*",
                    "alias": "",
                    "color": "#7EB26D",
                    "id": 0,
                    "pin": false,
                    "type": "lucene"
                }
            },
            "ids": [
                0
            ]
        },
        "filter": {
            "idQueue": [
                1,
                2
            ],
            "list": {
                "0": {
                    "from": "NOW/DAY-30DAY",
                    "to": "NOW/DAY%2B1DAY",
                    "field": "timestamp_tdt",
                    "type": "time",
                    "fromDateObj": "2016-04-27T00:05:06.093Z",
                    "toDateObj": "2016-05-27T00:05:06.093Z",
                    "mandate": "must",
                    "active": true,
                    "alias": "",
                    "id": 0
                }
            },
            "ids": [
                0
            ]
        }
    },
    "rows": [
        {
            "title": "Options",
            "height": "50px",
            "editable": true,
            "collapse": false,
            "collapsable": true,
            "panels": [
                {
                    "title": "Set time span",
                    "error": "",
                    "span": 5,
                    "editable": true,
                    "group": [
                        "default"
                    ],
                    "type": "timepicker",
                    "mode": "relative",
                    "time_options": [
                        "5m",
                        "15m",
                        "1h",
                        "6h",
                        "12h",
                        "24h",
                        "2d",
                        "7d",
                        "30d",
                        "1y",
                        "5y"
                    ],
                    "timespan": "30d",
                    "timefield": "timestamp_tdt",
                    "timeformat": "",
                    "refresh": {
                        "enable": false,
                        "interval": 600,
                        "min": 3
                    },
                    "filter_id": 0,
                    "status": "Stable",
                    "spyable": true
                },
                {
                    "error": false,
                    "span": 3,
                    "editable": true,
                    "type": "query",
                    "loadingEditor": false,
                    "query": "*:*",
                    "pinned": true,
                    "history": [
                        "*:*"
                    ],
                    "remember": 10,
                    "title": "Search",
                    "spyable": true
                },
                {
                    "error": false,
                    "span": 4,
                    "editable": true,
                    "type": "text",
                    "loadingEditor": false,
                    "status": "Stable",
                    "mode": "markdown",
                    "content": "Lucidworks Fusion ships with a collection named *default*. As such, this dashboard is initially configured to look for a collection named *default_signals*. To change it to use your signals collection, choose the *Configure* option in the upper right corner of the screen (hint: it looks like a gear) and set your collection name to be the name of your collection's signals store. For instance, if you have a collection named *web*, then your signals collection would be named *web_signals*. \n\n*Notes*\n\nYour collection must have the signal capture feature enabled. To turn on signal capture, visit the Admin app, select Collections, then select the collection you wish to enable signals for and toggle the signals option.",
                    "style": {},
                    "title": "Getting Started"
                }
            ]
        },
        {
            "title": "Graph",
            "height": "350px",
            "editable": true,
            "collapse": false,
            "collapsable": true,
            "panels": [
                {
                    "span": 6,
                    "editable": true,
                    "type": "histogram",
                    "loadingEditor": false,
                    "mode": "count",
                    "queries": {
                        "mode": "all",
                        "ids": [
                            0
                        ],
                        "query": "q=*%3A*&wt=json&rows=0&fq=timestamp_tdt:[NOW/DAY-30DAY%20TO%20NOW/DAY%2B1DAY]&facet=true&facet.range=timestamp_tdt&facet.range.start=NOW/DAY-30DAY&facet.range.end=NOW/DAY%2B1DAY&facet.range.gap=%2B12HOUR\n",
                        "custom": ""
                    },
                    "max_rows": 100000,
                    "value_field": null,
                    "group_field": null,
                    "auto_int": true,
                    "resolution": 100,
                    "interval": "12h",
                    "intervals": [
                        "auto",
                        "1s",
                        "1m",
                        "5m",
                        "10m",
                        "30m",
                        "1h",
                        "3h",
                        "12h",
                        "1d",
                        "1w",
                        "1M",
                        "1y"
                    ],
                    "fill": 0,
                    "linewidth": 3,
                    "timezone": "browser",
                    "spyable": true,
                    "zoomlinks": true,
                    "bars": true,
                    "stack": true,
                    "points": false,
                    "lines": false,
                    "lines_smooth": false,
                    "legend": true,
                    "x-axis": true,
                    "y-axis": true,
                    "percentage": false,
                    "interactive": true,
                    "options": true,
                    "show_queries": true,
                    "tooltip": {
                        "value_type": "cumulative",
                        "query_as_alias": false
                    },
                    "refresh": {
                        "enable": false,
                        "interval": 2
                    },
                    "title": "Clicks"
                },
                {
                    "span": 6,
                    "editable": true,
                    "type": "terms",
                    "loadingEditor": false,
                    "queries": {
                        "mode": "all",
                        "ids": [
                            0
                        ],
                        "query": "q=*%3A*&wt=json&fq=timestamp_tdt:[NOW/DAY-30DAY%20TO%20NOW/DAY%2B1DAY]&facet=true&facet.field=query&facet.limit=20&facet.missing=true&f.query.facet.sort=count"
                    },
                    "field": "query",
                    "exclude": [],
                    "missing": true,
                    "other": true,
                    "size": 20,
                    "order": "count",
                    "style": {
                        "font-size": "10pt"
                    },
                    "donut": true,
                    "tilt": true,
                    "labels": false,
                    "arrangement": "horizontal",
                    "chart": "pie",
                    "counter_pos": "none",
                    "spyable": true,
                    "title": "Queries",
                    "time_field": "timestamp_tdt",
                    "mode": "count",
                    "stats_field": "",
                    "decimal_points": 0,
                    "lastColor": "",
                    "chartColors": [
                        "#7EB26D",
                        "#EAB839",
                        "#6ED0E0",
                        "#EF843C",
                        "#E24D42",
                        "#1F78C1",
                        "#BA43A9",
                        "#705DA0",
                        "#508642",
                        "#CCA300",
                        "#447EBC",
                        "#C15C17",
                        "#890F02",
                        "#0A437C",
                        "#6D1F62",
                        "#584477",
                        "#B7DBAB",
                        "#F4D598",
                        "#70DBED",
                        "#F9BA8F",
                        "#F29191",
                        "#82B5D8",
                        "#E5A8E2",
                        "#AEA2E0",
                        "#629E51",
                        "#E5AC0E",
                        "#64B0C8",
                        "#E0752D",
                        "#BF1B00",
                        "#0A50A1",
                        "#962D82",
                        "#614D93",
                        "#9AC48A",
                        "#F2C96D",
                        "#65C5DB",
                        "#F9934E",
                        "#EA6460",
                        "#5195CE",
                        "#D683CE",
                        "#806EB7",
                        "#3F6833",
                        "#967302",
                        "#2F575E",
                        "#99440A",
                        "#58140C",
                        "#052B51",
                        "#511749",
                        "#3F2B5B",
                        "#E0F9D7",
                        "#FCEACA",
                        "#CFFAFF",
                        "#F9E2D2",
                        "#FCE2DE",
                        "#BADFF4",
                        "#F9D9F9",
                        "#DEDAF7"
                    ],
                    "sortBy": "count",
                    "logAxis": false,
                    "exportSize": 10000,
                    "show_queries": true,
                    "refresh": {
                        "enable": false,
                        "interval": 2
                    }
                }
            ]
        },
        {
            "title": "Description",
            "height": "150px",
            "editable": true,
            "collapse": false,
            "collapsable": true,
            "panels": [
                {
                    "span": 3,
                    "editable": true,
                    "type": "terms",
                    "loadingEditor": false,
                    "queries": {
                        "mode": "all",
                        "ids": [
                            0
                        ],
                        "query": "q=*%3A*&wt=json&fq=timestamp_tdt:[NOW/DAY-30DAY%20TO%20NOW/DAY%2B1DAY]&facet=true&facet.field=doc_ids_s&facet.limit=10&facet.missing=true&f.doc_ids_s.facet.sort=count"
                    },
                    "field": "doc_ids_s",
                    "exclude": [],
                    "missing": true,
                    "other": true,
                    "size": 10,
                    "order": "count",
                    "style": {
                        "font-size": "10pt"
                    },
                    "donut": false,
                    "tilt": false,
                    "labels": false,
                    "arrangement": "horizontal",
                    "chart": "pie",
                    "counter_pos": "none",
                    "spyable": true,
                    "time_field": "timestamp_tdt",
                    "title": "Documents",
                    "mode": "count",
                    "stats_field": "",
                    "decimal_points": 0,
                    "lastColor": "",
                    "chartColors": [
                        "#7EB26D",
                        "#EAB839",
                        "#6ED0E0",
                        "#EF843C",
                        "#E24D42",
                        "#1F78C1",
                        "#BA43A9",
                        "#705DA0",
                        "#508642",
                        "#CCA300",
                        "#447EBC",
                        "#C15C17",
                        "#890F02",
                        "#0A437C",
                        "#6D1F62",
                        "#584477",
                        "#B7DBAB",
                        "#F4D598",
                        "#70DBED",
                        "#F9BA8F",
                        "#F29191",
                        "#82B5D8",
                        "#E5A8E2",
                        "#AEA2E0",
                        "#629E51",
                        "#E5AC0E",
                        "#64B0C8",
                        "#E0752D",
                        "#BF1B00",
                        "#0A50A1",
                        "#962D82",
                        "#614D93",
                        "#9AC48A",
                        "#F2C96D",
                        "#65C5DB",
                        "#F9934E",
                        "#EA6460",
                        "#5195CE",
                        "#D683CE",
                        "#806EB7",
                        "#3F6833",
                        "#967302",
                        "#2F575E",
                        "#99440A",
                        "#58140C",
                        "#052B51",
                        "#511749",
                        "#3F2B5B",
                        "#E0F9D7",
                        "#FCEACA",
                        "#CFFAFF",
                        "#F9E2D2",
                        "#FCE2DE",
                        "#BADFF4",
                        "#F9D9F9",
                        "#DEDAF7"
                    ],
                    "sortBy": "count",
                    "logAxis": false,
                    "exportSize": 10000,
                    "show_queries": true,
                    "refresh": {
                        "enable": false,
                        "interval": 2
                    }
                },
                {
                    "span": 3,
                    "editable": true,
                    "type": "terms",
                    "loadingEditor": false,
                    "queries": {
                        "mode": "all",
                        "ids": [
                            0
                        ],
                        "query": "q=*%3A*&wt=json&fq=timestamp_tdt:[NOW/DAY-30DAY%20TO%20NOW/DAY%2B1DAY]&facet=true&facet.field=type&facet.limit=10&facet.missing=true&f.type.facet.sort=count"
                    },
                    "field": "type",
                    "exclude": [],
                    "missing": false,
                    "other": false,
                    "size": 10,
                    "order": "count",
                    "style": {
                        "font-size": "10pt"
                    },
                    "donut": false,
                    "tilt": false,
                    "labels": true,
                    "arrangement": "horizontal",
                    "chart": "table",
                    "counter_pos": "none",
                    "spyable": true,
                    "time_field": "timestamp_tdt",
                    "title": "Type of Event",
                    "mode": "count",
                    "stats_field": "",
                    "decimal_points": 0,
                    "lastColor": "",
                    "chartColors": [
                        "#7EB26D",
                        "#EAB839",
                        "#6ED0E0",
                        "#EF843C",
                        "#E24D42",
                        "#1F78C1",
                        "#BA43A9",
                        "#705DA0",
                        "#508642",
                        "#CCA300",
                        "#447EBC",
                        "#C15C17",
                        "#890F02",
                        "#0A437C",
                        "#6D1F62",
                        "#584477",
                        "#B7DBAB",
                        "#F4D598",
                        "#70DBED",
                        "#F9BA8F",
                        "#F29191",
                        "#82B5D8",
                        "#E5A8E2",
                        "#AEA2E0",
                        "#629E51",
                        "#E5AC0E",
                        "#64B0C8",
                        "#E0752D",
                        "#BF1B00",
                        "#0A50A1",
                        "#962D82",
                        "#614D93",
                        "#9AC48A",
                        "#F2C96D",
                        "#65C5DB",
                        "#F9934E",
                        "#EA6460",
                        "#5195CE",
                        "#D683CE",
                        "#806EB7",
                        "#3F6833",
                        "#967302",
                        "#2F575E",
                        "#99440A",
                        "#58140C",
                        "#052B51",
                        "#511749",
                        "#3F2B5B",
                        "#E0F9D7",
                        "#FCEACA",
                        "#CFFAFF",
                        "#F9E2D2",
                        "#FCE2DE",
                        "#BADFF4",
                        "#F9D9F9",
                        "#DEDAF7"
                    ],
                    "sortBy": "count",
                    "logAxis": false,
                    "exportSize": 10000,
                    "show_queries": true,
                    "refresh": {
                        "enable": false,
                        "interval": 2
                    }
                },
                {
                    "span": 3,
                    "editable": true,
                    "type": "terms",
                    "loadingEditor": false,
                    "queries": {
                        "mode": "all",
                        "ids": [
                            0
                        ],
                        "query": "q=*%3A*&wt=json&fq=timestamp_tdt:[NOW/DAY-30DAY%20TO%20NOW/DAY%2B1DAY]&facet=true&facet.field=flag_s&facet.limit=10&facet.missing=true&f.flag_s.facet.sort=count"
                    },
                    "field": "flag_s",
                    "exclude": [],
                    "missing": true,
                    "other": true,
                    "size": 10,
                    "order": "count",
                    "style": {
                        "font-size": "10pt"
                    },
                    "donut": false,
                    "tilt": false,
                    "labels": true,
                    "arrangement": "horizontal",
                    "chart": "pie",
                    "counter_pos": "none",
                    "spyable": true,
                    "time_field": "timestamp_tdt",
                    "title": "Flag",
                    "mode": "count",
                    "stats_field": "",
                    "decimal_points": 0,
                    "lastColor": "",
                    "chartColors": [
                        "#7EB26D",
                        "#EAB839",
                        "#6ED0E0",
                        "#EF843C",
                        "#E24D42",
                        "#1F78C1",
                        "#BA43A9",
                        "#705DA0",
                        "#508642",
                        "#CCA300",
                        "#447EBC",
                        "#C15C17",
                        "#890F02",
                        "#0A437C",
                        "#6D1F62",
                        "#584477",
                        "#B7DBAB",
                        "#F4D598",
                        "#70DBED",
                        "#F9BA8F",
                        "#F29191",
                        "#82B5D8",
                        "#E5A8E2",
                        "#AEA2E0",
                        "#629E51",
                        "#E5AC0E",
                        "#64B0C8",
                        "#E0752D",
                        "#BF1B00",
                        "#0A50A1",
                        "#962D82",
                        "#614D93",
                        "#9AC48A",
                        "#F2C96D",
                        "#65C5DB",
                        "#F9934E",
                        "#EA6460",
                        "#5195CE",
                        "#D683CE",
                        "#806EB7",
                        "#3F6833",
                        "#967302",
                        "#2F575E",
                        "#99440A",
                        "#58140C",
                        "#052B51",
                        "#511749",
                        "#3F2B5B",
                        "#E0F9D7",
                        "#FCEACA",
                        "#CFFAFF",
                        "#F9E2D2",
                        "#FCE2DE",
                        "#BADFF4",
                        "#F9D9F9",
                        "#DEDAF7"
                    ],
                    "sortBy": "count",
                    "logAxis": false,
                    "exportSize": 10000,
                    "show_queries": true,
                    "refresh": {
                        "enable": false,
                        "interval": 2
                    }
                }
            ]
        },
        {
            "title": "Events",
            "height": "350px",
            "editable": true,
            "collapse": false,
            "collapsable": true,
            "panels": [
                {
                    "title": "All events",
                    "span": 12,
                    "editable": true,
                    "group": [
                        "default"
                    ],
                    "type": "table",
                    "size": 100,
                    "pages": 10,
                    "offset": 0,
                    "sort": [
                        "timestamp_tdt",
                        "desc"
                    ],
                    "style": {
                        "font-size": "9pt"
                    },
                    "overflow": "min-height",
                    "fields": [
                        "query",
                        "doc_ids_s",
                        "type",
                        "flag_s",
                        "timestamp_tdt"
                    ],
                    "highlight": [],
                    "sortable": true,
                    "header": true,
                    "paging": true,
                    "spyable": true,
                    "queries": {
                        "mode": "all",
                        "ids": [
                            0
                        ],
                        "query": "q=*%3A*&fq=timestamp_tdt:[NOW/DAY-30DAY%20TO%20NOW/DAY%2B1DAY]&sort=timestamp_tdt desc&wt=json&rows=1000",
                        "basic_query": "q=*%3A*&fq=timestamp_tdt:[NOW/DAY-30DAY%20TO%20NOW/DAY%2B1DAY]&sort=timestamp_tdt desc"
                    },
                    "field_list": true,
                    "status": "Stable",
                    "trimFactor": 300,
                    "normTimes": true,
                    "time_field": "timestamp_tdt",
                    "saveOption": "json",
                    "exportSize": 1000,
                    "exportAll": true,
                    "displayLinkIcon": true,
                    "imageFields": [],
                    "imgFieldWidth": "auto",
                    "imgFieldHeight": "85px",
                    "important_fields": [],
                    "show_queries": true,
                    "maxNumCalcTopFields": 20,
                    "calcTopFieldValuesFromAllData": false,
                    "refresh": {
                        "enable": false,
                        "interval": 2
                    }
                }
            ]
        },
        {
            "title": "Filter row",
            "height": "150px",
            "editable": true,
            "collapse": false,
            "collapsable": true,
            "panels": [
                {
                    "error": false,
                    "span": 4,
                    "editable": true,
                    "type": "filtering",
                    "loadingEditor": false,
                    "title": "Filtering panel",
                    "spyable": true
                }
            ]
        }
    ],
    "editable": true,
    "failover": false,
    "index": {
        "interval": "none",
        "pattern": "[logstash-]YYYY.MM.DD",
        "default": "NO_TIME_FILTER_OR_INDEX_PATTERN_NOT_MATCHED"
    },
    "style": "light",
    "panel_hints": true,
    "loader": {
        "save_gist": false,
        "save_elasticsearch": true,
        "save_local": true,
        "save_default": true,
        "save_temp": true,
        "save_temp_ttl_enable": true,
        "save_temp_ttl": "30d",
        "load_gist": true,
        "load_elasticsearch": true,
        "load_elasticsearch_size": 20,
        "load_local": true,
        "hide": false,
        "dropdown_collections": true,
        "save_as_public": false
    },
    "solr": {
        "server": "/api/apollo/query-pipelines/_system/collections/",
        "core_name": "default_signals",
        "core_list": []
    },
    "username": "admin"
}
